sample_id,rid,true_dx,pred_idx,pred_label,prob_0,prob_1,prob_2
002_S_5018,5018,,2,AD,0.000427853170549497,0.0013818199513480067,0.9981902241706848
